description,priority
"Рефакторинг модуля авторизации: оптимизировать SQL-запросы",0.45
"Критичный баг: утечка памяти в микросервисе платежей",0.92
"Добавить логирование ошибок в API Gateway",0.35
"Исправить 500 ошибку при обработке JSON в /api/v1/orders",0.78
"Реализовать кэширование ответов в Redis для эндпоинта /products",0.60
"Обновить зависимости: security fix для Python",0.55
"Добавить swagger-документацию для UserService",0.25
"Оптимизировать сборку Docker-образов (уменьшить размер на 40%)",0.50
"Срочно: исправить race condition в обработке очереди сообщений",0.88
"Добавить валидацию входных данных в форме регистрации",0.40
"Миграция БД: добавить индекс для поля email в таблице users",0.65
"Исправить баг: некорректное отображение UTF-8 в PDF-отчетах",0.70
"Реализовать фоновую задачу для очистки устаревших сессий",0.30
"Добавить тесты для модуля работы с платежами",0.50
"Интеграция с новым SMS-провайдером",0.75
"Критично: исправить уязвимость XSS в админ-панели",0.95
"Оптимизировать запросы GraphQL для мобильного клиента",0.60
"Добавить мониторинг (Prometheus + Grafana) для сервиса нотификаций",0.55
"Исправить баг: дублирование событий в WebSocket",0.68
"Обновить CI/CD конфигурацию (добавить этап security scanning)",0.40
"Реализовать механизм retry для неудачных HTTP-запросов",0.50
"Добавить поддержку JWT-токенов в API Gateway",0.65
"Исправить performance issue: N+1 запрос в ORM",0.72
"Добавить rate limiting для публичных API эндпоинтов",0.58
"Срочно: восстановить backup production БД (коррупция данных)",0.97
"Рефакторинг: вынести бизнес-логику из views в services",0.42
"Добавить обработку ошибок 404 для статических файлов",0.35
"Интеграция с Sentry для мониторинга ошибок фронтенда",0.50
"Исправить баг: некорректная кодировка в CSV-экспорте",0.65
"Добавить feature toggle для новой платежной системы",0.55
"Оптимизировать загрузку главной страницы (уменьшить TTFB)",0.70
"Реализовать механизм инвалидации кэша при изменении данных",0.60
"Добавить поддержку WebP формата для загружаемых изображений",0.45
"Исправить race condition при параллельном обновлении профиля",0.80
"Обновить документацию API (добавить примеры запросов)",0.20
"Реализовать bulk-операции для импорта товаров",0.65
"Добавить healthcheck эндпоинты для всех микросервисов",0.40
"Критично: исправить SQL-инъекцию в поисковом запросе",0.93
"Оптимизировать индексы в PostgreSQL для отчетов",0.55
"Добавить поддержку dark mode в админ-панели",0.30
"Исправить баг: потеря сессии при смене языка интерфейса",0.60
"Реализовать механизм подтверждения email при регистрации",0.50
"Добавить метрики для бизнес-аналитики (KPI dashboard)",0.45
"Исправить memory leak в фоновом worker'е",0.85
"Обновить библиотеки фронтенда (React 18 migration)",0.55
"Добавить валидацию CORS-заголовков в middleware",0.40
"Реализовать архивное хранение старых заказов (S3 bucket)",0.35
"Исправить баг: некорректное округление цен в корзине",0.75
"Добавить поддержку двухфакторной аутентификации",0.65
"Оптимизировать сборку webpack (уменьшить bundle size)",0.50
"Критично: исправить баг с двойным списанием баланса",0.90
"Реализовать механизм отката (rollback) для миграций БД",0.60
"Добавить тесты производительности (load testing)",0.55
"Исправить баг: зависание UI при больших CSV-импортах",0.70
"Обновить политику паролей (требовать сложные пароли)",0.40
"Реализовать экспорт данных в Excel с прогресс-баром",0.45
"Добавить поддержку HTTP/2 для статических файлов",0.50
"Исправить баг: некорректная сортировка в datatable",0.60
"Оптимизировать запросы к ElasticSearch (reduce latency)",0.65
"Добавить мониторинг использования API по ключам",0.55
"Реализовать механизм подтверждения опасных операций",0.45
"Исправить баг: утечка соединений к БД в Celery tasks",0.82
"Обновить error pages (404, 500) с полезной информацией",0.30
"Добавить поддержку WebSockets для real-time уведомлений",0.70
"Рефакторинг: разделить monolith на микросервисы (phase 1)",0.75
"Исправить баг: некорректное кэширование персональных данных",0.68
"Добавить интеграцию с Zapier для автоматизаций",0.50
"Оптимизировать Docker-compose для локальной разработки",0.40
"Критично: исправить баг с потерей заказов при таймауте",0.88
"Реализовать механизм восстановления пароля по SMS",0.55
"Добавить поддержку GraphQL subscriptions",0.65
"Исправить баг: race condition в кэшировании товаров",0.78
"Обновить CI/CD (добавить этап деплоя в staging)",0.45
"Реализовать feature flags для нового checkout процесса",0.60
"Добавить валидацию входных данных в API (JSON Schema)",0.50
"Исправить performance issue: медленные JOIN-запросы",0.72
"Оптимизировать загрузку изображений (lazy loading)",0.55
"Добавить метрики для аудита безопасности",0.40
"Реализовать механизм soft-delete для пользователей",0.45
"Исправить баг: некорректное отображение дат в Safari",0.60
"Обновить документацию по API (добавить deprecated warning)",0.25
"Добавить поддержку JWT refresh tokens",0.50
"Рефакторинг: вынести конфиги в environment variables",0.35
"Исправить баг: утечка памяти в PDF-рендеринге",0.85
"Реализовать bulk-удаление записей в админке",0.45
"Добавить интеграционные тесты для платежного модуля",0.55
"Оптимизировать запросы к API мобильного клиента",0.65
"Критично: исправить баг с дублированием транзакций",0.92
"Добавить поддержку Content-Security-Policy",0.40
"Исправить баг: некорректная работа UTC времени",0.60
"Реализовать механизм очереди для ресурсоемких задач",0.55
"Добавить мониторинг бизнес-метрик (KPI dashboard)",0.45
"Обновить библиотеки безопасности (CVE fixes)",0.70
"Исправить баг: потеря данных при конфликте версий",0.75
"Добавить поддержку HTTP/3 (QUIC protocol)",0.50
"Рефакторинг: оптимизировать структуру БД (normalization)",0.60
"Реализовать механизм подтверждения email изменений",0.45
"Исправить performance issue: медленный",0.68
"Добавить тесты accessibility (WCAG 2.1 compliance)",0.35
"Оптимизировать работу с памятью в отчетном модуле",0.55
"Критично: исправить SQL-инъекцию в фильтрах админки",0.95
"Реализовать механизм резервного копирования в S3",0.50
"Добавить поддержку Web Components в legacy код",0.40
"Исправить баг: некорректное кэширование CSS-файлов",0.55
"Обновить политику CORS (уточнить allowed origins)",0.35
"Реализовать feature toggle для A/B тестирования",0.45
"Добавить интеграцию с Sentry для фронтенда",0.50
"Исправить баг: memory leak в SSR рендеринге",0.80
"Оптимизировать загрузку шрифтов (font-display: swap)",0.40
"Добавить валидацию паролей по HaveIBeenPwned",0.55
"Рефакторинг: вынести бизнес-правила в domain layer",0.60
"Исправить баг: некорректная пагинация в API",0.65
"Реализовать механизм graceful shutdown для сервисов",0.50
"Добавить поддержку WebAssembly для тяжелых вычислений",0.45
"Обновить механизм кэширования (stale-while-revalidate)",0.55
"Исправить performance issue: блокирующие IO-операции",0.72
"Добавить метрики для анализа поведения пользователей",0.40
"Реализовать механизм подтверждения опасных настроек",0.45
"Исправить баг: утечка соединений в RabbitMQ",0.78
"Оптимизировать сборку фронтенда (tree shaking)",0.50
"Добавить поддержку GraphQL persisted queries",0.55
"Критично: исправить баг с некорректным начислением бонусов",0.88
"Реализовать механизм отката для платежных операций",0.60
"Добавить валидацию входных данных в GraphQL API",0.50
"Исправить баг: race condition в кэшировании сессий",0.75
"Обновить механизм логирования (структурированные логи)",0.45
"Рефакторинг: разделить god object на модули",0.65
"Добавить поддержку WebP изображений для старых браузеров",0.40
"Исправить performance issue: медленные аналитические запросы",0.70
"Реализовать механизм подтверждения смены email",0.45
"Добавить интеграцию с новым CDN-провайдером",0.55
"Оптимизировать работу с localStorage (quota management)",0.40
"Исправить баг: некорректное отображение emoji в MySQL",0.60
"Реализовать механизм очереди для email-нотификаций",0.50
"Добавить поддержку PWA (service worker, manifest)",0.45
"Обновить политику сессий (уменьшить lifetime)",0.35
"Исправить баг: memory leak в WebSocket соединениях",0.82
"Реализовать feature flags для нового UI компонента",0.50
"Добавить валидацию CSRF-токенов для API endpoints",0.55
"Оптимизировать загрузку данных для мобильных устройств",0.60
"Исправить баг: некорректная работа с часовыми поясами",0.65
"Реализовать механизм подтверждения удаления аккаунта",0.45
"Добавить поддержку WebAuthn для passwordless входа",0.55
"Обновить механизм кэширования изображений (CDN invalidation)",0.50
"Исправить performance issue: медленные JOINs в отчетах",0.75
"Реализовать bulk-обновление записей через API",0.55
"Добавить интеграцию с системой мониторинга ошибок",0.45
"Оптимизировать запросы к внешнему API (batching)",0.60
"Исправить баг: некорректное округление в финансовых расчетах",0.80
"Реализовать механизм graceful degradation при ошибках",0.50
"Добавить поддержку HTTP/2 Server Push для критичных ресурсов",0.55
"Обновить политику безопасности (CSP headers)",0.45
"Исправить баг: утечка памяти при рендеринге SVG",0.70
"Реализовать механизм подтверждения смены пароля",0.40
"Добавить поддержку dark mode для всех компонентов",0.35
"Оптимизировать работу с localStorage (шифрование данных)",0.50
"Исправить баг: некорректная работа с большими числами в JS",0.65
"Реализовать механизм очереди для CPU-intensive задач",0.55
"Добавить интеграцию с системой аналитики (Snowplow)",0.45
"Обновить механизм кэширования GraphQL запросов",0.50
"Исправить performance issue: блокировка главного потока",0.72
"Реализовать feature flags для экспериментального функционала",0.45
"Добавить поддержку Web Components в legacy приложение",0.40
"Оптимизировать загрузку данных при плохом соединении",0.55
"Исправить баг: race condition при параллельных обновлениях",0.78
"Реализовать механизм подтверждения критичных операций",0.50
"Добавить поддержку WebAssembly для криптографических операций",0.45
"Обновить политику CORS (уточнить allowed methods)",0.35
"Исправить баг: memory leak в анимациях интерфейса",0.68
"Реализовать механизм fallback для внешних API",0.50
"Добавить интеграцию с системой мониторинга производительности",0.45
"Оптимизировать работу с IndexedDB (quota management)",0.40
"Исправить баг: некорректное отображение дат в Safari",0.60
"Реализовать механизм подтверждения смены ролей",0.45
"Добавить поддержку WebP изображений для email-рассылок",0.35
"Обновить механизм логирования (добавить correlation ID)",0.40
"Исправить performance issue: медленные aggregation queries",0.75
"Реализовать feature flags для нового checkout процесса",0.55
"Добавить валидацию входных данных в GraphQL mutations",0.50
"Оптимизировать загрузку шрифтов (subsetting, preloading)",0.45
"Исправить баг: утечка памяти при работе с Web Workers",0.70
"Реализовать механизм graceful degradation для старых браузеров",0.40
"Добавить поддержку Content-Security-Policy для админки",0.45
"Обновить политику сессий (добавить idle timeout)",0.35
"Исправить баг: некорректная работа с часовыми поясами в отчетах",0.65
"Реализовать механизм подтверждения массовых операций",0.45
"Добавить интеграцию с системой мониторинга бизнес-метрик",0.50
"Оптимизировать запросы к API (добавить field selection)",0.55
"Исправить performance issue: медленный рендеринг больших списков",0.68
"Реализовать механизм кэширования для GraphQL запросов",0.50
"Добавить поддержку HTTP/3 для критичных ресурсов",0.45
"Обновить механизм обработки ошибок (структурированный response)",0.40
"Исправить баг: race condition при кэшировании конфигурации",0.72
"Реализовать feature flags для экспериментального API",0.50
"Добавить валидацию CSRF-токенов для GraphQL mutations",0.45
"Оптимизировать работу с localStorage (добавить expiration)",0.40
"Исправить баг: memory leak в WebSocket соединениях",0.75
"Реализовать механизм подтверждения смены критичных настроек",0.45
"Добавить поддержку Web Components в legacy код",0.35
"Обновить политику безопасности (добавить HSTS header)",0.40
"Исправить performance issue: медленные аналитические запросы",0.70
"Реализовать механизм очереди для ресурсоемких задач",0.50
"Добавить интеграцию с системой мониторинга ошибок фронтенда",0.45
"Оптимизировать загрузку данных для мобильных устройств",0.55
"Исправить баг: некорректное отображение emoji в MySQL",0.60
"Реализовать механизм подтверждения удаления данных",0.45
"Добавить поддержку PWA (добавить offline режим)",0.50
"Обновить механизм кэширования (добавить stale-while-revalidate)",0.45
"Исправить баг: утечка памяти при работе с SVG",0.68
"Реализовать feature flags для нового UI компонента",0.50
"Добавить валидацию входных данных в API (добавить JSON Schema)",0.45
"Оптимизировать работу с IndexedDB (добавить миграции)",0.40
"Исправить performance issue: медленные JOIN-запросы в отчетах",0.75
"Реализовать механизм bulk-обновления записей через API",0.55
"Добавить интеграцию с системой аналитики (добавить Snowplow)",0.45
"Обновить механизм логирования (добавить structured logging)",0.40
"Исправить баг: race condition при параллельных обновлениях",0.78
"Реализовать механизм graceful degradation при ошибках API",0.50
"Добавить поддержку WebAuthn для passwordless аутентификации",0.55
"Оптимизировать загрузку изображений (добавить lazy loading)",0.45
"Исправить баг: некорректное округление в финансовых расчетах",0.80
"Реализовать механизм подтверждения смены email",0.45
"Добавить поддержку dark mode для всех компонентов UI",0.35
"Обновить политику безопасности (добавить CSP headers)",0.40
"Исправить performance issue: блокировка главного потока в UI",0.72
"Реализовать feature flags для A/B тестирования",0.50
"Добавить интеграцию с Sentry для мониторинга ошибок",0.45
"Оптимизировать запросы к внешнему API (добавить batching)",0.55
"Исправить баг: memory leak при работе с Web Workers",0.70
"Реализовать механизм fallback для внешних сервисов",0.50
"Добавить поддержку WebAssembly для тяжелых вычислений",0.45
"Обновить механизм кэширования GraphQL запросов",0.50
"Исправить баг: некорректная работа с часовыми поясами",0.65
"Реализовать механизм подтверждения критичных операций",0.45
"Добавить интеграцию с системой мониторинга бизнес-метрик",0.50
"Оптимизировать работу с localStorage (добавить шифрование)",0.40
"Исправить performance issue: медленный рендеринг таблиц",0.68
"Реализовать механизм кэширования для API responses",0.50
"Добавить поддержку HTTP/3 для критичных ресурсов",0.45
"Обновить механизм обработки ошибок (добавить user-friendly messages)",0.40
"Исправить баг: race condition при работе с кэшем",0.75